 ms_accelerometer_x, ms_accelerometer_y, ms_accelerometer_z,outcome
1.0581055,0.096435554,0.11303711,0
1.0581056,0.096435554,0.11303711,1
1.0581057,0.096435554,0.11303711,0
1.0581058,0.096435554,0.11303711,0
1.0581059,0.096435554,0.11303711,1
